"farm_name","order_date","pounds_purchased","order_amount"
"Northbourne Farm",2019-06-13,"20",160
"Forest Garden Farm",2019-07-02,"10",80
"Matsuda Farm",2019-07-11,"90",270
"Provo Farms",2019-07-15,"60",240
"Provo Farms",2019-07-22,"40",160
"Matsuda Farm",2019-08-05,"100",181
"Provo Farms",2019-08-06,"50",150
"Provo Farms",2019-08-21,"35",99.75
"Matsuda Farm",2019-09-12,"71",50
"Provo Farms",2019-10-01,"15.5",46.5
"Forest Garden Farm",2019-10-09,"44",110
"Northbourne Farm",2019-10-16,"25+160",200
"Matsuda Farm",2019-10-28,"25",100
"Matsuda Farm",2019-12-16,"61.1",152.75
"Lily's Fields",2019-05-16,"20",2000
"Lily's Fields",2019-05-16,"20",NA
"Lily's Fields",2019-05-16,"10",NA
"Lily's Fields",2019-05-16,"10",NA
"Lily's Fields",2019-05-16,"30",NA
"Lily's Fields",2019-05-16,"12",NA
"Lily's Fields",2019-05-16,"15",NA
"Lily's Fields",2019-05-16,"10",NA
"Lily's Fields",2019-05-16,"20",NA
"Lily's Fields",2019-05-16,"15",NA
"Lily's Fields",2019-05-16,"5",NA
"Lily's Fields",2019-05-16,"5",NA
"Lily's Fields",2019-05-16,"15",NA
"Lily's Fields",2019-05-16,"20",NA
"Lily's Fields",2019-05-16,"15",NA
"Lily's Fields",2019-05-16,"7",NA
"Lily's Fields",2019-05-16,"10",NA
"Lily's Fields",2019-05-16,"11",NA
"Lily's Fields",2019-05-16,"30",NA
"Lily's Fields",2019-05-16,"7",NA
"Small Blessing Farm",2019-05-16,"18",NA
"Small Blessing Farm",2019-05-16,"24+.",NA
"Lily's Fields",2019-05-16,"30",NA
"Lily's Fields",2019-05-16,"15",NA
"Lily's Fields",2019-05-16,"20",NA
"Lily's Fields",2019-05-16,"10",NA
"Small Blessing Farm",2019-05-16,"18",NA
"Small Blessing Farm",2019-05-16,"25",NA
"Small Blessing Farm",2019-05-16,"25",NA
"Small Blessing Farm",2019-05-16,"25",NA
"Lily's Fields",2019-09-04,"24",NA
"Lily's Fields",2019-10-01,"25",NA
"Lily's Fields",2019-10-16,"25",NA
"Lily's Fields",2019-10-16,"25",NA
"Lily's Fields",2019-10-16,"50",NA
"Lily's Fields",2019-10-21,"25",NA
"Lily's Fields",2019-10-21,"20",NA
"Lily's Fields",2019-10-21,"16",NA
"FaithBeyond Farm",NA,"138",2000
"FaithBeyond Farm",NA,"48",2000
"FaithBeyond Farm",NA,"52",2000
"FaithBeyond Farm",NA,"50",2000
"FaithBeyond Farm",NA,"89",2000
"FaithBeyond Farm",NA,"75",2000
"FaithBeyond Farm",NA,"30",2000
"FaithBeyond Farm",NA,"50",2000
"FaithBeyond Farm",NA,"25",2000
"FaithBeyond Farm",NA,"25",2000
"FaithBeyond Farm",NA,"50",2000
"FaithBeyond Farm",NA,"30",2000
"FaithBeyond Farm",NA,"25",2000
"FaithBeyond Farm",NA,"25",2000
"FaithBeyond Farm",NA,"25",2000
"FaithBeyond Farm",NA,"20",2000
"FaithBeyond Farm",NA,"12.5",2000
"FaithBeyond Farm",NA,"20",2000
"FaithBeyond Farm",NA,"15",2000
"FaithBeyond Farm",NA,"37.5",2000
"FaithBeyond Farm",NA,"15",2000
"FaithBeyond Farm",NA,"20",2000
"Namuna Growers",NA,"19",500
"Namuna Growers",NA,"3",500
"Namuna Growers",NA,"3.75",500
"Namuna Growers",NA,"17",500
"Namuna Growers",NA,"2",500
"Namuna Growers",NA,"15",500
"Namuna Growers",NA,"25",500
"Namuna Growers",NA,"22.5",500
"Namuna Growers",NA,"24",500
"Namuna Growers",NA,"6",500
"Namuna Growers",NA,"18.5",500
"Namuna Growers",NA,"25",500
"Namuna Growers",NA,"10",500
"Namuna Growers",NA,"30",500
"Namuna Growers",NA,"24",500
"Namuna Growers",NA,"10",500
"Namuna Growers",NA,"15",500
"Namuna Growers",NA,"6",500
"Namuna Growers",NA,"6.5",500
"Namuna Growers",NA,"1.25",500
"Namuna Growers",NA,"0.75",500
"Namuna Growers",NA,"15",500
"Namuna Growers",NA,"37",500
"Namuna Growers",NA,"9",500
"Namuna Growers",NA,"6",500
"Namuna Growers",NA,"20",500
"Windy Acre Farm",NA,"120",2000
"Windy Acre Farm",NA,"100",2000
"Windy Acre Farm",NA,"100",2000
"Windy Acre Farm",NA,"200",2000
"Windy Acre Farm",NA,"50",2000
"Windy Acre Farm",NA,"50",2000
"Windy Acre Farm",NA,"200",2000
"Windy Acre Farm",NA,"45",2000
"Oxbow Farm",2019-07-31,"120",197.1
"Oxbow Farm",2019-08-07,"130",196.2
"Oxbow Farm",2019-08-14,"140",198
"Oxbow Farm",2019-08-21,"160",198
"Oxbow Farm",2019-08-28,"160",198
"Oxbow Farm",2019-09-04,"170",198.9
"Oxbow Farm",2019-09-11,"160",198.9
"Oxbow Farm",2019-09-18,"130",198.9
"Oxbow Farm",2019-09-25,"120",198.9
"Oxbow Farm",2019-10-02,"90",133.2
"Oxbow Farm",2019-10-16,"140",197.1
"Oxbow Farm",2019-10-30,"120",199.35
"Oxbow Farm",2019-11-05,"90",166.05
"Oxbow Farm",2019-11-13,"100",191.25
"Oxbow Farm",2019-11-20,"90",179.1
"Oxbow Farm",2019-12-03,"80",151.05
"Oxbow Farm",2019-10-02,"325",249.75
"Oxbow Farm",2019-10-09,"225",249.75
"Oxbow Farm",2019-10-16,"220",314.55
"Oxbow Farm",2019-10-30,"189",249.52
"Oxbow Farm",2019-11-06,"200",245.25
"Oxbow Farm",2019-11-13,"310",250.2
"Oxbow Farm",2019-11-20,"172",240.3
"Oxbow Farm",2019-12-04,"180",240.75
"Oxbow Farm",2019-12-11,"115",238.5
"Oxbow Farm",2019-12-18,"115",229.5
"Clean Greens",2019-05-07,NA,5500
"Clean Greens",2019-05-07,"145",5500
"Clean Greens",2019-05-07,"150",5500
"Clean Greens",2019-05-07,"200",5500
"Clean Greens",2019-05-07,"420",5500
"Clean Greens",2019-05-07,"170",5500
"Clean Greens",2019-05-07,"210",5500
"Clean Greens",2019-05-07,"200",5500
"Clean Greens",2019-05-07,"250",5500
"Clean Greens",2019-05-07,"200",5500
"Clean Greens",2019-05-07,"150",5500
"Clean Greens",2019-05-07,"83",5500
"Clean Greens",2019-05-07,"181",5500
"Clean Greens",2019-05-07,"240",5500
"Farmstand Local",NA,NA,3000
"Caruso Farm",NA,"10+25",NA
"Oxbow",NA,"40+20+60",NA
"Skylight Farms",NA,"25",NA
"High & Dry Farm",NA,"12",NA
"Sound Vegetables",NA,"96",NA
"Caruso Farm",NA,"50",NA
"Lowlands Farm",NA,"60",NA
"Skylight Farms",NA,"10",NA
"Skylight Farms",NA,"60",NA
"Skylight Farms",NA,"10",NA
"Skylight Farms",NA,"80",NA
"Skylight Farms",NA,"40",NA
"Skylight Farms",NA,"50",NA
"Steel Wheel Farm",NA,"50",NA
"Flying Tomato Farm",NA,"5",NA
"Lowlands Farm",NA,"80",NA
"Orange Star Farm",NA,"200",NA
"Orange Star Farm",NA,"20",NA
"Oxbow",NA,"60",NA
"Regeneration Farm",NA,"10",NA
"Skylight Farms",NA,"5",NA
"Tualco Valley Farm",NA,"10",NA
"Flying Tomato Farm",NA,"5",NA
"Lowlands Farm",NA,"80",NA
"Orange Star Farm",NA,"200",NA
"Orange Star Farm",NA,"20",NA
"Oxbow",NA,"60",NA
"Regeneration Farm",NA,"10",NA
"Skylight Farms",NA,"5",NA
"Tualco Valley Farm",NA,"10",NA
"Alki Market Garden",NA,"10",NA
"Caruso Farm",NA,"10",NA
"Caruso Farm",NA,"40",NA
"Caruso Farm",NA,"100",NA
"Faith Beyond Farm",NA,"84",NA
"Hima Farms",NA,"90",NA
"Oxbow",NA,"72",NA
"Skylight Farms",NA,"40",NA
"Sound Vegetables",NA,"40",NA
"Tualco Valley Farm",NA,"20",NA
"Tualco Valley Farm",NA,"20",NA
"Faith Beyond Farm",NA,"10",NA
"Radicle Roots Farm",NA,"10",NA
"Steel Wheel Farm",NA,"48",NA
"Steel Wheel Farm",NA,"60",NA
"Tualco Valley Farm",NA,"40",NA
"Tualco Valley Farm",NA,"40",NA
"Caruso Farm",NA,"100",NA
"Oxbow",NA,"96",NA
"Regeneration Farm",NA,"5",NA
"Skylight Farms",NA,"40",NA
"Steel Wheel Farm",NA,"200",NA
"Summer Run Farm",NA,"30",NA
"Tualco Valley Farm",NA,"10",NA
"Lee's Fresh Produce",2019-07-03,"160",500
"
Cascadia Greens",2019-05-01,"175",262.5
"Frisky Girl",2019-11-01,"75",150
"Tonnemaker Hill Farm*",2019-11-01,"50",50
"Tonnemaker Hill Farm*",2019-11-01,"20",45
"Sales & Distribution facility in KC",2019-11-01,"20",45
"Local Roots Farm",2019-09-11,"100+130",217
"Local Roots Farm",2019-10-16,"400",500
"Oxbow Farm",2019-10-16,"120",193.5
"Oxbow Farm",2019-10-16,"20+25+25+10+32+24+120",288
"Oxbow Farm",2019-10-16,"20+50+25+24+32+48",276.75
"Oxbow Farm",2019-10-16,"100+100",270
"Oxbow Farm",2019-10-16,"125+50+120+160+120",852.75
"Carnation Farms",2019-10-25,"500",1000
"Local Roots Farm",2019-11-06,"15+30+50",191.19
"Steel Wheel Farm",2019-11-06,"400+100+100+96+30+56",1202
"Oxbow Farm",2019-11-06,"250+72+80+60",693.9
"Oxbow Farm",2019-11-06,"50+24+10+25+120",253.8
"Oxbow Farm",2019-11-06,"75+100+100+300",753.75
"Oxbow Farm",2019-11-13,"50+72+40+75+60",491.4
"Oxbow Farm",2019-11-13,"144+50+25+270",562.05
"Oxbow Farm",2019-11-13,"100+96",268.2
"Oxbow Farm",2019-11-13,"110",297
"Clean Greens",2019-11-15,"358",358
"Carnation Farms",2019-11-22,NA,500
"Steel Wheel Farm",2019-12-02,"20+36+40+100+240+102",831
"Local Roots",2020-08-05,"400",800
"Terrebonne Truck Patch",2020-09-14,"255",382.5
"Terrebonne Truck Patch",2020-09-21,"225",817.5
"Oxbow Farm",2020-09-23,"100",385.2
"Carnation Farms",2020-09-23,"20",100
"Carnation Farms",2020-09-23,"10",148
"Carnation Farms",2020-09-30,"40",382.5
"Steel Wheel Farm",2020-10-06,"120",757.75
"Carnation Farms",2020-10-08,"80",412.5
"Terrebonne Truck Patch",2020-10-14,"467",467
"Oxbow Farm",2020-10-14,"50",239.4
"Carnation Farms",2020-10-14,"80",532.5
"Carnation Farms",2020-10-14,"52.5",330
"Steel Wheel Farm",2020-10-14,"40",306.72
"Carnation Farms",2020-10-21,"80",448.75
"Terrebonne Truck Patch",2020-10-26,"154",231
"Terrebonne Truck Patch",2020-10-26,"300",450
"Oxbow Farm",2020-10-28,"240",324
"Oxbow Farm",2020-10-28,"125",513
"Terrebonne Truck Patch",2020-10-28,"408",837
"Terrebonne Truck Patch",2020-11-04,"265.6",240
"Terrebonne Truck Patch",2020-11-09,"87.5",360
"Oxbow Farm",2020-11-11,"25",136.8
"Oxbow Farm",2020-11-11,"100",922.5
"Sound Sustainable Farms",2020-11-13,"200",1306
"Sound Sustainable Farms",2020-11-16,"5.6",582
"Sound Sustainable Farms",2020-11-16,"20",612
"Carnation Farms",2020-11-17,NA,384
"Oxbow Farm",2020-11-18,"300",202.5
"Carnation Farms",2020-11-29,"26.25",432
"Carnation Farms",2020-12-01,"48",1051
"Terrebonne Truck Patch",2020-12-02,"200",435
"Oxbow Farm",2020-12-03,"180",121.5
"Oxbow Farm",2020-12-03,"250",558
"Carnation Farms",2020-12-08,"20",538
"Local Roots Farm",2020-12-09,"100",400
"Steel Wheel Farm",2020-12-13,"200",1218.6
"Terrebonne Truck Patch",2020-12-14,"65.5",270
"Steel Wheel Farm",2020-12-30,"40",627.23
"Sound Sustainable Farms",2020-08-21,"80",382
"Sound Sustainable Farms",2020-08-28,NA,424
"Sound Sustainable Farms",2020-09-04,"40",218
"Sound Sustainable Farms",2020-09-15,"30",446
"Sound Sustainable Farms",2020-09-18,"60",458
"Sound Sustainable Farms",2020-09-25,"50",352
"Sound Sustainable Farms",2020-10-02,"80",424
"Sound Sustainable Farms",2020-10-09,"150",456
"Sound Sustainable Farms",2020-10-16,"80",527
"Sound Sustainable Farms",2020-10-23,"50",651
"Sound Sustainable Farms",2020-10-30,"40",394
"Sound Sustainable Farms",2020-11-06,"125",341
"Sound Sustainable Farms",2020-11-13,"40",288
"Kamayan Farm",2020-09-08,"50",200
"Sound Sustainable Farms",2020-09-08,"50",200
"Sound Vegetables",2020-09-08,"10",33.75
"Steel Wheel Farm",2020-09-10,"20",113.76
"Oxbow Farm",2020-09-10,"10",25
"Kamayan Farm",2020-09-22,"20",62.5
"Carnation Farms",2020-09-24,"10",58.12
"Oxbow Farm",2020-09-24,"20",50
"Steel Wheel Farm",2020-09-24,"30",105
"Carnation Farms",2020-10-01,"150",290
"Steel Wheel Farm",2020-10-01,"60",135
"Matsuda Farm",2020-10-06,"112",150
"Matsuda Farm",2020-10-13,"100",159.6
"Matsuda Farm",2020-10-20,"300",280
"Matsuda Farm",2020-10-27,"120",1110
"Matsuda Farm",2020-11-03,"120",180
"Sno-Valley Mushrooms",2020-05-21,"39",112.5
"Oxbow Farm",NA,"55.5",75
"Faithbeyond Farm",2020-06-12,"35",358.75
"Sound Sustainable Farm",NA,"17.5",NA
"Oxbow Farm",NA,"15.31",NA
"Tonnemaker",2020-07-12,"40",129
"Lee Lor Garden",2020-07-26,"17.5",162
"Lee Lor Garden",2020-08-09,"28",111
"Carnation Farms",2020-08-23,"36",81.4
"Terrebonne Truck Patch",2020-07-17,"342",342
"Terrebonne Truck Patch",NA,"175",535
"Terrebonne Truck Patch",2020-07-10,"54.7",450
"Terrebonne Truck Patch",2020-07-17,"228",342
"Terrebonne Truck Patch",2020-08-07,"154",617.4
"Terrbonne Truck Patch",2020-08-12,"105",432
"Terrbonne Truck Patch",2020-08-14,"256",460.8
"Lee's Produce",2020-07-14,"100",300
"Lee's Produce",2020-08-04,"79",300
"Lee's Produce",NA,"210",NA
"Lee's Produce",2020-08-25,"150",300
"Lee's Produce",2020-09-01,"240",300
"Lee's Produce",2020-09-08,"240",300
"Lee's Produce",2020-09-15,"100",300
"Lee's Produce",2020-09-21,"125",300
"Lee's Produce",2020-09-29,"256",300
"Lee's Produce",2020-10-05,"470",300
"Lee's Produce",2020-10-12,"470",300
"Wild Canary",2020-07-21,"10",27.5
"Rising Sign Farm",2020-07-17,"2",15
"Steel Wheel Farm",2020-07-17,"15",225
"Alki Market Garden",2020-07-14,"40",75
"Steel Wheel Farm",2020-07-14,"48",67.5
"Rising Sign Farm",2020-06-23,"24",75
"Summer Run Farm",2020-06-19,"5",32.5
"Steel Wheel Farm",2020-06-09,"36",112.5
"Sound Vegetables",2020-05-26,"3",9
"Rising Sign Farm",2020-05-26,"10",33.75
"Oxbow Farm",2020-11-17,"25",170
"Steel Wheel Farm",2020-11-17,"30",52.5
"Steel Wheel Farm",2020-11-17,"30",56.25
"Steel Wheel Farm",2020-11-17,"90",174.39
"Faithbeyond Farm",2020-10-29,"24",120
"Faithbeyond Farm",2020-10-29,"100",175
"Steel Wheel Farm",2020-10-29,"12",58.75
"Steel Wheel Farm",2020-10-23,"120",210
"Steel Wheel Farm",2020-10-23,"60",206.25
"Steel Wheel Farm",2020-10-23,"20",45
"Faithbeyond Farm",2020-10-16,"100",218.75
"Oxbow Farm",2020-10-16,"40",240
"Steel Wheel Farm",2020-10-09,"40",125
"Steel Wheel Farm",2020-10-09,"36",176.25
"Carnation Farms",2020-10-02,"12",57.5
"Carnation Farms",2020-10-02,"24",110
"Steel Wheel Farm",2020-10-02,"60",112.5
"Steel Wheel Farm",2020-10-02,"30",56.25
"Steel Wheel Farm",2020-10-02,"15",50.63
"Carnation Farms",2020-09-24,"12",55
"Steel Wheel Farm",2020-09-24,"48",125
"Steel Wheel Farm",2020-09-24,"70",245
"Carnation Farms",2020-09-19,"24",52.5
"Steel Wheel Farm",2020-09-19,"150",281.25
"Steel Wheel Farm",2020-09-19,"20",68.75
"Steel Wheel Farm",2020-09-19,"45",151.89
"Kamayan Farm",2020-09-09,"12",60
"Oxbow Farm",2020-09-09,"48",114
"Steel Wheel Farm",2020-09-09,"120",225
"Oxbow Farm",2020-08-12,"40",100
"Sound Vegetables",2020-08-12,"20",87.5
"Steel Wheel Farm",2020-08-05,"12",150
"Steel Wheel Farm",2020-07-29,"30",62.5
"FaithBeyond Farm",2020-06-09,"80",160
"Namuna Garden",2020-06-11,"25",118.5
"Windy Acre Farm",2020-08-11,"27.5",466
"Lily's Fields",2020-06-30,"20",60.5
"Small Blessing Farms",2020-07-15,"26",117
"Ayeko Farm",2020-07-15,"30",94
"Lily Fields",2020-07-15,"18",65.75
"Lily Fields",2020-07-22,"12",NA
"Small Blessings Farms",2020-07-22,"24",108
"Lily Fields",2020-07-29,"20",103.75
"Lily Fields",2020-08-05,"25",73.75
"Small Blessings Farm",NA,"22",99
"Ayeko Farms",2020-08-05,"34",102
"Small Blessings Farm",2020-08-12,"26",117
"Ayeko Farms",2020-08-12,"22",154
"Lily Fields",2020-08-12,"20",106
"Ayeko Farms",2020-09-30,"56",168
"Ayeko Farms",2020-10-14,"5",20
"Faithbeyond Farms",2020-10-21,"69",503.5
"Red Barn Organic Farms",2020-10-21,"20",60
"Faithbeyond Farm",2020-10-28,"25",357.5
"Red Barn Organic Farms",2020-10-28,"20",66
"Red Barn Organic Farms",2020-11-04,"15",60
"Faithbeyone Farm",2020-11-04,"40",100
"Faithbeyone Farm",2020-11-11,"59",421
"Faith Beyone Farm",2020-11-17,"30",314.5
"Faith Beyond Farms",NA,"40",217.5
"Northbourne Farm",2020-07-28,"170",255
"Matsuda Farm",2020-08-04,"100",250
"Sun Island Farm",2020-08-05,"41",102.5
"Matsuda Farm",2020-08-11,"60",120
"Linda Kozak",2020-08-11,NA,79.8
"Northbourne Farm",2020-08-17,"100",250
"Provo Farms",2020-08-17,"50",500
"GreenMan Farm",2020-08-17,"20",70
"Forest Garden Farm",2020-08-17,"35",75
"Sun Island Farm",2020-08-18,"38",76
"Gracie's Greens",2020-08-18,"60",180
"Sacred Gorilla Farm",2020-08-18,"10",107
"Forest Garden Farm",2020-08-24,"20",75
"Matsuda Farm",2020-08-25,"55.8",195.3
"Sacred Gorilla Farm",2020-08-31,"12",226.75
"Provo Farms",2020-08-31,"60",120
"Gracie's Greens",2020-08-31,"60",340
"Provo Farms",2020-09-01,"60",120
"Matsuda Farm",2020-09-01,"40",100
"Sacred Gorilla Farm",2020-09-07,"28",212
"Sun Island Farm",2020-09-07,"60",240
"Matsuda Farm",2020-09-08,"27",610.5
"Gracie's Greens",2020-09-08,"60",545
"Sacred Gorilla Farm",2020-09-14,"32",96
"Forest Garden Farm",2020-09-14,"24",112
"Matsuda Farm",2020-09-15,"30",408.4
"Gracie's Greens",2020-09-15,"60",280
"Gracie's Greens",2020-09-28,"45",431
"Matsuda Farm",2020-09-29,"30",445
"Gracie's Greens",2020-09-29,NA,296
"Matsuda Farm",2020-10-06,"60",456
"Gracie's Greens",2020-10-06,"11.5",106.5
"Matsuda Farm",2020-10-13,"40",516
"Gracie's Greens",2021-10-13,NA,180
"Matsuda Farm",2020-10-20,"40",72
"Gracie's Greens",2020-10-20,"40",164
"Nick Provo Farms",2020-10-25,NA,318
"Nick Provo Farms",2020-10-27,NA,159
"Gracie's Greens",2020-10-27,NA,80
"Vashon-Maury Island Land Trust",2020-10-28,NA,54
"Gracie's Greens",2020-11-03,NA,255
"Nick Provo Farms",2020-11-03,NA,90
"Vashon-Maury Island Land Trust",2020-11-04,NA,213.9
"Northbourne Farm",2020-11-09,NA,616.5
"Vashon-Maury Island Land Trust",2020-11-17,NA,152
"Nick Provo Farms",2020-11-20,NA,900
"Oxbow Farm",2020-07-24,NA,NA
"Oxbow Farm",2020-08-14,NA,NA
"Oxbow Farm",2020-08-28,NA,NA
"21 Acres",2020-09-02,NA,NA
"21 Acres",2020-09-14,"10",882.5
"21 Acres",2020-09-28,"50",615
"Oxbow Farms",2020-10-02,NA,NA
"Sound Sustainble Farms",2020-11-06,"100",226
"Oxbow Farms",2020-11-11,"180",121.5
"Oxbow Farms",2020-11-17,"50",1465
"Sound Sustainable Farms",2020-11-17,"100",250
"Sound Sustainable Farms",2020-11-20,"40",1588
"Sound Sustainable Farms",2020-12-22,"150",782
"Sound Sustainable Farms",2020-12-22,"2",337
"faithbeyond Farm",2020-06-16,"26.25",52.5
"Oxbow Farm &Conservation Center",2020-06-16,"28",28
"Rising Sign Farm",2020-06-16,"37.5",75
"Steel Wheel Farm",2020-06-16,"37.5",37.5
"Sound Sustainable Farms",2020-08-06,"40",200
"Carnation Farms",2020-10-14,"1",15
"Steel Wheel Farm",2020-10-14,"60",105
"Steel Wheel Farm",2020-06-16,"27",27
"Alki Farm",2020-10-23,"13",30
"Rain Dog Farm",2020-10-23,"8",22.5
"Steel Wheel Farm",2020-10-23,"10",34.38
"Rising Sign Farm",2020-10-28,"5.25",37.5
"Steel Wheel Farm",2020-10-28,"5.25",121.88
"Faithbeyond Farm",2020-10-29,"10.5",410
"Windy Acre Farm",NA,"12",30
"Windy Acre Farm",NA,"20",50
"Windy Acre Farm",2020-08-25,"60",210
"Windy Acre Farm",2020-08-31,"40",100
"Windy Acre Farm",NA,"100",250
"Windy Acre Farm",NA,"120",300
"Tangled Willows Farm",2020-09-20,NA,480
"Windy Acre Farm",2020-09-23,"250",500
"Windy Acre Farm",2020-12-07,"200",300
"Faithbeyond Farm",2020-11-04,"130",861.46
"Kamayan",2020-11-04,"60",150
"Sound Sustainable Farm",2020-11-04,"21",115
"Steel Wheel Farm",2020-11-04,"240",940.92
"Summer Run Farm",2020-11-04,"14",299
"Alki Farms",2020-11-20,"35",182.29
"Carnation Farms",2020-11-20,"60",260.28
"Faithbeyond Farm",2020-11-20,"500",3130
"Rising Star Farm",2020-11-20,"8",18.7
"Steel Wheel Farm",2020-11-20,"200",790.63
"Full Circle",2020-12-04,"50",655.76
"Rain Dog Farm",2020-12-04,"24",771.4
"Full Circle",2020-12-11,"80",1960.84
"Steel Wheel Farm",2020-12-11,"100",350
"Full Circle",2020-12-18,"80",368
"Sound Vegetables",2020-12-18,"20",347.5
"Steel Wheel Farm",2020-12-18,"170",531.25
"Summer Run Farm",2020-12-18,"35",770.5
"Full Circle",2020-12-22,"160",1000
"Sound Sustainable Farm",2020-12-22,"180",950
"Steel Wheel Farm",2020-12-22,"80",350
"Steel Wheel Farm",2020-10-01,"1+815",721.93
"Faithbeyond Farm",2020-10-15,"2+250",468.75
"Oxbow Farm",2020-10-15,"96",92.5
"Songbird Haven",2020-10-15,"24",54
"Songbird Haven",2020-10-15,"24",54
"Faithbeyond Farm",2020-10-22,"50",859.5
"Oxbow Farm",2020-10-22,"50",75.3
"Alki Farms",2020-10-29,"21",84
"Alki Farms",2020-10-29,"4.38",25
"Faithbeyond Farm",2020-10-29,"24",60
"Oxbow Farm",2020-10-29,"24",46.25
"Rising Sign Farm",2020-10-29,"24",75
"Steel Wheel Farm",2020-10-29,"60",206.25
"Steel Wheel Farm",2020-10-29,"100",343.75
"Steel Wheel Farm",2020-10-29,"100",290
"Steel Wheel Farm",2020-10-29,"120",293.75
"Faithbeyond Farm",2020-11-05,"220",687.5
"Steel Wheel Farm",2020-11-05,"40",112.5
"Lee's Fresh Produce",2020-08-04,"576",1973
"Lee's Fresh Produce",2020-08-06,"511",511
"Lee's Fresh Produce",2020-08-11,"217",517
"Lee's Fresh Produce",2020-08-25,"200",915
"Lee's Fresh Produce",2020-08-27,"150",350
"Lee's Fresh Produce",2020-09-01,"300",300
"Lee's Fresh Produce",2020-09-02,"190",870
"Lee's Fresh Produce",2020-09-08,"70",496
"Lee's Fresh Produce",2020-09-10,"106",486
"Lee's Fresh Produce",2020-09-15,"355",355
"Lee's Fresh Produce",2020-09-22,"433",685
"Lee's Fresh Produce",2020-09-29,"300",300
"Lee's Fresh Produce",2020-10-02,"250",375
"Lee's Fresh Produce",2020-10-06,"525",787.5
"Lee's Fresh Produce",2020-10-12,"350",825
"Lee's Fresh Produce",2020-10-22,"300",300
"Lee's Fresh Produce",2020-10-26,"330",330
"Lee's Fresh Produce",2020-11-03,"360",360
"21 acres",NA,NA,1379
"21 acres",NA,"40",1626.4
"21 Acres",2020-12-08,"10",77.5
"21 Acres",2020-12-15,"10",187.5
"21 Acres",2020-12-22,"13",235
"Fall City Farms",NA,NA,450
"Ecolibrium Farms",2021-12-18,NA,4550
"Rising Sign",2020-10-19,NA,195
"Songbird Haven",2020-10-21,NA,176
"Rising Sign",2020-10-26,NA,195
"Rising Sign",2020-11-03,NA,195
"Songbird Haven",2020-12-01,NA,99
"Jon the Farmer",2020-06-03,"25",80
"Jon the Farmer",2021-12-21,NA,445
"The Common Acre",2021-12-18,NA,445
"Black Star Farmers",2021-12-18,NA,444
"Carpinito",2020-11-03,"375",2006
"Carpinito",2020-11-09,"775",2565
"Carpinito",2020-11-11,"87.5",2000
"Mosby",NA,"125",NA
"Carpinito",2020-11-15,"750",2485.5
"Mosby",NA,"37.5",NA
"Carpinito",2020-11-23,"1000",2244
"Mount Si Fungi",2020-11-24,"10",293
"Carpinito",2020-11-28,"6",2926.4
"?",NA,"240",NA
"Mosby",NA,"496",NA
"Sno Valley",2020-11-30,"33",2405
"Carpinito",NA,"52.5",NA
"Mosby",NA,"150",NA
"NW Farms",2020-12-07,"6",2887
"Carpinito",NA,"368",NA
"Mosby",NA,"165",NA
"Sno Valley",NA,"22",NA
"NW Farms",2020-12-14,"6.75",2419.6
"Mosby",NA,"112.5",NA
"Carpinito",NA,"138",NA
"Mount Si Fungi",NA,"20",NA
"Carpinito",2020-12-21,"400",2567.5
"Mosby",NA,"480",NA
"NW Farms",2020-12-23,"6",216
"NW Farms",2020-12-28,"6",2926
"Carpinito",NA,"546",NA
"Mosby",NA,"202.5",NA
"Cascadia Produce",2020-11-13,"800",4000
"Cascadia Produce",2020-11-27,"800",4000
"Cascadia Produce",2020-12-04,"500",2500
"Cascadia Produce",2020-12-11,"300",150
"Mosby",2020-11-04,"350",3500
"Carpinito",NA,"437.5",NA
"Cascadia Produce",2020-11-05,"75",300
"Cascadia Produce",2020-11-10,"75",300
"Carpinito",2020-11-21,"187.5",750
"Carpinito",2020-12-03,"75",300
"Mosby",NA,"30",NA
"NW Farms",NA,"2",NA
"Carpinito",2020-12-17,"75",390
"Mosby",NA,"17",NA
"Carpinito",2020-12-23,"75",390
"Carpinito",2020-12-30,"75",395
"Mosby",NA,"17",NA
"Carpinito",2020-11-05,"262",1810
"Mosby",NA,"271.5",NA
"Carpinito",2020-11-09,"315",7200
"Mosby",NA,"405",NA
"Carpinito",2020-11-09,"210",4800
"Mosby",NA,"480",NA
"Cascadia Produce",2020-11-11,"1050",3510
"Carpinito",2020-11-11,"162",3700
"Carpinito",2020-11-11,"197",4500
"Cascadia Produce",2020-11-11,"1800",3600
"Cascadia Produce",2020-11-18,"2268",4536
"Cascadia Produce",2020-11-24,"2268",4536
"Carpinito",2020-12-01,"15",1200
"Mosby",NA,"120",NA
"Carpinito",2020-12-04,"66",1500
"Mosby",NA,"150",NA
"Carpinito",2020-12-04,"44",1000
"Mosby",NA,"100",NA
"Sound Sustainable Farm",2020-11-23,"18",211.75
"Sound Sustainable Farm",2020-12-08,"4",101.6
"SnoValley Gardens",2020-12-22,"5",220
"Cascadia Produce",2020-11-24,"1500",9638
"Namuna Garden, Krishna",2020-08-19,"19",76
"Namuna Garden, Krishna",2020-08-26,"50",140
"Namuna Garden, Krishna",2020-09-02,"50",137.5
"Namuna Garden, Krishna",2020-09-23,"50",87.5
"Namuna Garden, Krishna",2020-09-30,"75",112.5
"Namuna Garden, Krishna",2020-10-14,"50",100
"New Roots Farm Program, Pabi",2020-10-14,"16",24
"New Roots Farm Program, Beatrice",2020-10-14,"18",26
"SnoValley Mushrooms",2020-11-15,"10",80
"New Roots Farm Program, Pabi",2020-11-16,"225",125
"SnoValley Mushrooms",2020-11-22,"10",82
"Cascadia Produce (Distributor)",2020-11-23,"75",250
"SnoValley Mushrooms",2020-11-29,"10",84.75
"Cascadia Produce (Distributor)",2020-11-30,"15",310
"SnoValley Mushrooms",2020-12-06,"10",80
"Cascadia Produce (Distributor)",2020-12-07,"15",300
"SnoValley Mushrooms",2020-12-13,"16",131.75
"Cascadia Produce (Distributor)",2020-12-14,"15",300
"Cascadia Produce (Distributor)",2021-12-21,"11.75",470
"Rising Sign Farm",2020-10-08,"10",37.5
"Steel Wheel Farm",2020-10-08,"20",35
"Alki Farms",2020-10-20,"8",40
"Rising Sign Farm",2020-10-20,"20",75
"Sound Vegetables",2020-10-20,"35",56.25
"Steel Wheel Farm",2020-10-20,"30",37.5
"Farmstand Local Foods",2020-11-11,"20",47.5
"Steel Wheel Farm",2020-11-11,"10",65.63
"Carnation Farms",2020-11-30,"20",137.18
"Steel Wheel Farm",2020-11-30,"15",159.38
"Carnation Farms",2020-09-26,"15",65.25
"Oxbow Farms",2020-09-26,"12",145
"Carnation Farms",2020-10-10,"15",29.25
"Faithbeyond Farm",2020-10-10,"40",70
"Steel Wheel Farm",2020-10-10,"20",70
"Rising Sign Farm",2020-10-13,"30",134.5
"Carnation Farms",2020-10-18,"3",66.06
"Steel Wheel Farm",2020-10-18,"12",68.75
"Rising Sign Farm",2020-10-21,"16",80.2
"RainDog Farm",2020-10-24,NA,65
"Steel Wheel",2020-10-24,"30",86.88
"Summer Run Farm",2020-10-24,"2",17.5
"Rising Sign Farm",2020-10-26,"32",97
"Rain Dog Farm",2020-11-06,NA,12.5
"Steel Wheel farm",2020-11-06,"30",108.75
"Oxbow Farm",2020-11-15,"0.25",8.75
"Rain Dog Farm",2020-11-15,NA,13.75
"Steel Wheel Farm",2020-11-15,"20",68.75
"Summer Run Farm",2020-11-15,"1",25
"Hand-Grown Greens",2020-11-20,NA,7.5
"Rain Dog Farms",2020-11-20,NA,19.38
"Steel Wheel Farm",2020-11-20,"30",52.5
"Oxbow Farm",2020-12-02,"5",185
"Carnation Farms",2020-12-10,"1",14.81
"Steel Wheel Farms",2020-12-10,"30",92.5
"Oxbow Farms",2020-12-28,NA,900
"Sariwa Farms",2020-09-21,"15",150
"Sariwa Farms",2020-09-21,"1",50
"Sariwa Farms",2020-09-21,"20",50
"Sariwa Farms",2020-09-21,"40",100
"Sariwa Farms",2020-10-03,"15",37.5
"Sariwa Farms",2020-10-03,"40",100
"Sariwa Farms",2020-10-03,"19",47.5
"Sariwa Farms",2020-10-03,"38",95
"Sariwa Farms",2020-10-03,"30",120
"Sariwa Farms",2020-10-14,"16",40
"Sariwa Farms",2020-10-14,"9",22.5
"Sariwa Farms",2020-10-14,"15",60
"Sariwa Farms",2020-10-14,"19",47.5
"Sariwa Farms",2020-10-14,"18",45
"Sariwa Farms",2020-10-14,"30",120
"Namuna Gardens",2020-12-07,NA,1200
"Black Star Farmers",2020-12-15,"4.5",270
"Black Star Farmers",2020-12-15,"4.5",270
"Black Farmers Collective",2020-12-16,NA,500
"Namuna Gardens",2020-12-18,NA,2750
"Ecolibrium LLC.",2020-12-18,NA,2750
"Local Roods",2020-12-23,NA,1200
"Oxbow Farm",2020-12-31,NA,1200
"Sariwa Farms",2021-12-30,NA,2115
"Black Star Farmers",2021-12-30,NA,160
"Stella Maris Farm",2020-10-19,NA,983
"Stella Maris Farm",2020-12-23,NA,153.53
"Stella Maris Farm",2020-12-30,NA,500
"Plum Forest Farm",2020-12-02,NA,210.5
"Stella Maris Farm",2020-12-29,NA,62.97
"Plum Forest Farm",2020-12-29,NA,NA
"Plum Forest Farm",2020-12-30,NA,590
"Carpinto",2020-10-23,"130",552.5
"Mosby",NA,"65",NA
"Carpinto",2021-10-30,"130",520
"Mosby",NA,"65",NA
"Carpinto",2021-11-06,"130",520
"Mosby",NA,"65",NA
"Carpinto",2021-11-13,"130",520
"Mosby",NA,"65",NA
"Carpinto",2021-11-20,"130",520
"Carpinto",2021-11-27,"130",520
"Mosby",NA,"65",NA
"Carpinto",2021-12-11,"130",650
"Mosby",NA,"40.6",NA
"Carpinto",2021-12-18,"130",650
"Mosby",NA,"40.6",NA
"Carpinto",2021-12-11,"50",265.5
"Rockridge Orchards",NA,"80",NA
"NW Farms",NA,"0.5",NA
"Mosby",NA,"15",NA
"Carpinto",2021-12-18,"110",550
"Mosby",NA,"34",NA
"Mosby",2021-12-31,"50",631.91
"Carpinto",NA,"80",NA
